[{
    "id": 1,
    "topic": "عنوان خبر",
    "agency": "منبع خبر",
    "quote": "این متن یک متن خودساخته است. این متن به عنوان خلاصه خبر در نظر گرفته شده است که بتوان این قسمت را تست کرد....",
    "formattedPublishDateTime": "تاریخ: 27-08-1397 زمان: 12:40"
},{
    "id": 2,
    "topic": "عنوان خبر",
    "agency": "منبع خبر",
    "quote": "این متن یک متن خودساخته است. این متن به عنوان خلاصه خبر در نظر گرفته شده است که بتوان این قسمت را تست کرد....",
    "formattedPublishDateTime": "تاریخ: 27-08-1397 زمان: 12:40"
},{
    "id": 3,
    "topic": "عنوان خبر",
    "agency": "منبع خبر",
    "quote": "این متن یک متن خودساخته است. این متن به عنوان خلاصه خبر در نظر گرفته شده است که بتوان این قسمت را تست کرد....",
    "formattedPublishDateTime": "تاریخ: 27-08-1397 زمان: 12:40"
},{
    "id": 4,
    "topic": "عنوان خبر",
    "agency": "منبع خبر",
    "quote": "این متن یک متن خودساخته است. این متن به عنوان خلاصه خبر در نظر گرفته شده است که بتوان این قسمت را تست کرد....",
    "formattedPublishDateTime": "تاریخ: 27-08-1397 زمان: 12:40"
},{
    "id": 5,
    "topic": "عنوان خبر",
    "agency": "منبع خبر",
    "quote": "این متن یک متن خودساخته است. این متن به عنوان خلاصه خبر در نظر گرفته شده است که بتوان این قسمت را تست کرد....",
    "formattedPublishDateTime": "تاریخ: 27-08-1397 زمان: 12:40"
},{
    "id": 6,
    "topic": "عنوان خبر",
    "agency": "منبع خبر",
    "quote": "این متن یک متن خودساخته است. این متن به عنوان خلاصه خبر در نظر گرفته شده است که بتوان این قسمت را تست کرد....",
    "formattedPublishDateTime": "تاریخ: 27-08-1397 زمان: 12:40"
},{
    "id": 7,
    "topic": "عنوان خبر",
    "agency": "منبع خبر",
    "quote": "این متن یک متن خودساخته است. این متن به عنوان خلاصه خبر در نظر گرفته شده است که بتوان این قسمت را تست کرد....",
    "formattedPublishDateTime": "تاریخ: 27-08-1397 زمان: 12:40"
}]